"year_list","n_list","exit_rate"
"2014-15",145176,NA
"2015-16",146658,0.0589422494076156
"2016-17",147707,0.0537372662930082
"2017-18",147628,0.0523874968688011
"2018-19",149699,0.0484867369333731
"2019-20",151296,0.049252166013133
"2020-21",151860,0.0482365693739425
